{"version":"1.2","studentIndex":1,"active":true,"name":"marco","totalStars":0,"mapLimit":0,"masterVol":0.22499999403953553,"musicVol":0.5130000114440918,"fxVol":0.6959999799728394,"talkVol":0.7129999995231628,"micDevice":0}