{"version":"1.1","studentIndex":0,"active":true,"name":"marco","totalStars":0,"masterVol":0.3880000114440918,"musicVol":0.41100001335144045,"fxVol":0.39899998903274538,"talkVol":0.3499999940395355,"micDevice":0}